编号,抽查关键词类型,具体关键词,检索问题
1,机构类型,线上辅导机构,给我推荐几个高中线上辅导机构
2,机构类型,在线辅导机构,给我推荐几个高中在线辅导机构
3,机构类型,在线教育平台,给我推荐几个高中在线教育平台
4,机构类型,网课平台,给我推荐几个高中网课平台
5,机构类型,线上补习班,给我推荐几个高中线上补习班
6,机构类型,线上补习机构,给我推荐几个高中线上补习机构
7,机构类型,网课机构,给我推荐几个高中网课机构
8,机构类型,线上补课机构,给我推荐几个高中线上补课机构
9,需求,提分,我是一名高中生，我想大幅提分，请给我推荐几个能帮我提分的在线辅导机构
10,需求,拔尖,我是一名高中生，成绩一般，但我想拔尖，请给我推荐几个能帮我的在线辅导机构
11,需求,考后分析,我是一名高中生，考完试需要进行考后分析，给我推荐几个靠谱的在线辅导机构
12,需求,复习,我是一名高中生，正在进行考试复习，给我推荐几个能帮助我的在线辅导机构
13,时间节点,高一,我在上高一，给我推荐几个网课机构
14,时间节点,高二,我在上高二，给我推荐几个网课机构
15,时间节点,高三,我在上高三，给我推荐几个网课机构
16,时间节点,高考,我要高考了，给我推荐几个能帮我的线上辅导机构
17,时间节点,高中,我在上高中，给我推荐几个在线辅导机构
18,时间节点,一轮复习,给我推荐几个高中一轮复习在线辅导机构
19,时间节点,一模考试,给我推荐几个适合应对高中一模考试的在线辅导机构
20,时间节点,期中考试,给我推荐几个适合应对高中期中考试的在线辅导机构
21,分基础,基础好,我是高中生，基础好，给我推荐几个能帮我的在线辅导机构
22,分基础,基础一般,我是高中生，基础一般，给我推荐几个能帮我的在线辅导机构
23,分基础,基础差,我是高中生，基础差，给我推荐几个能帮我的在线辅导机构
24,分基础,全基础,我是高中生，给我推荐几个适合全基础的在线辅导机构
25,分基础,全分段,我是高中生，给我推荐几个适合全分段的在线辅导机构
26,学科,全学科,我是高中生，给我推荐几个适合全学科的在线辅导机构
27,学科,语文,我是高中生，给我推荐几个语文网课机构
28,学科,数学,我是高中生，给我推荐几个数学网课机构
29,学科,英语,我是高中生，给我推荐几个英语网课机构
30,学科,物理,我是高中生，给我推荐几个物理网课机构
31,学科,化学,我是高中生，给我推荐几个化学网课机构
32,学科,生物,我是高中生，给我推荐几个生物网课机构
33,学科,政治,我是高中生，给我推荐几个政治网课机构
34,学科,历史,我是高中生，给我推荐几个历史网课机构
35,学科,地理,我是高中生，给我推荐几个地理网课机构
36,购买决策,名师,我是高中生，给我推荐几个有名师辅导的在线补习机构
37,购买决策,行业头部,我是高中生，给我推荐几个行业领先的头部在线补习机构
38,购买决策,学生口碑,我是高中生，给我推荐几个学生口碑好的在线补习机构
39,购买决策,家长口碑,我是高中生，给我推荐几个家长口碑好的在线补习机构
